region,fishID,total.length,prey.type,prey.family,prey.genus,prey.species,prey.no,prey.mass,prey.vol
ANC,anc302,19.6,empty,na,na,na,na,na,na
ANC,anc304,15.1,empty,na,na,na,na,na,na
ANC,anc305,20.2,empty,na,na,na,na,na,na
ANC,anc306,18,empty,na,na,na,na,na,na
ANC,anc310,17.3,empty,na,na,na,na,na,na
BBR,anc101,23.1,LS,Penaeidae,Farfantepenaeus,duorarum,1,0.34,0.8
BBR,anc101,23.1,Fish,Sparidae,Lagodon,rhomboides,2,3.38,3
BBR,anc102,12.4,SS,Hippolytidae,Tozeuma,carolinense,1,0.06,0.1
BBR,anc102,12.4,SS,Palaemonidae,Palaemonetes,pugio,2,0.22,0.2
BBR,anc201,13.8,SS,Hippolytidae,Tozeuma,carolinense,3,0.13,0.2
BBR,anc201,13.8,Fish,UIDfish,na,na,1,0.38,0.4
BBR,anc202,17.5,Fish,Sparidae,Lagodon,rhomboides,1,1.07,1
BBR,anc202,17.5,Poly,Polychaete,na,na,1,1.55,2
BBR,anc301,19,Fish,Clupeidae,na,na,2,2.21,2
BBR,anc303,16.8,SS,Hippolytidae,Hippolyte,zostericola,1,0.01,0.01
BBR,anc303,16.8,Fish,UIDfish,na,na,1,0.61,0.5
BBR,anc307,21,Fish,UIDfish,na,na,1,0.18,0.05
BBR,anc308,18.5,LS,Penaeidae,Farfantepenaeus,na,1,0.1,0.05
BBR,anc309,21.5,Fish,Clupeidae,na,na,1,1.19,1
BBR,ced1,22.6,SS,Hippolytidae,Tozeuma,carolinense,1,0.09,0.1
BBR,ced1,22.6,Fish,UIDfish,na,na,1,0.12,0.1
BBR,ced1,22.6,SS,Hippolytidae,Tozeuma,carolinense,2,0.1,0.2
BBR,ced1,22.6,Fish,Haemulidae,Orthopristis,chrysoptera,1,0.78,1
BBR,ced101,18.6,Fish,Syngnathidae,Syngnathus,na,1,0.43,0.5
BBR,ced101,18.6,LS,Penaeidae,Farfantepenaeus,duorarum,3,0.9,0.5
BBR,ced102,16.1,LS,Penaeidae,Farfantepenaeus,duorarum,1,1.78,1.5
BBR,ced103,17,Fish,Sparidae,Lagodon,rhomboides,1,2.64,2.5
BBR,ced106,15.8,Fish,Batrachoididae,Opsanus,beta,1,2.42,2.5
BBR,ced107,16.8,LS,Penaeidae,Farfantepenaeus,duorarum,1,0.36,0.4
BBR,ced107,16.8,Fish,Syngnathidae,Syngnathus,scoveli,1,0.41,0.5
BBR,ced108,15.4,LS,Penaeidae,Farfantepenaeus,duorarum,1,0.13,0.01
BBR,ced108,15.4,Fish,Syngnathidae,Syngnathus,na,3,0.69,1
BBR,ced109,17.4,Fish,Sparidae,Lagodon,rhomboides,1,1.4,1.1
BBR,ced109,17.4,LS,Penaeidae,Farfantepenaeus,duorarum,1,3,2.9
BBR,ced110,21.6,Fish,Sparidae,Lagodon,rhomboides,2,4.76,5
BBR,ced111,22,Fish,Syngnathidae,Syngnathus,pelagicus,1,0.71,1
BBR,ced113,14.5,Fish,Syngnathidae,Syngnathus,na,1,0.65,0.5
BBR,ced114,15.5,Fish,UIDfish,na,na,1,0.01,0.01
BBR,ced114,15.5,SS,Hippolytidae,Tozeuma,carolinense,1,0.05,0.01
BBR,ced114,15.5,LS,Penaeidae,Farfantepenaeus,duorarum,1,1.49,2
BBR,ced116,20.1,Fish,UIDfish,na,na,1,0.23,0.05
BBR,ced116,20.1,Fish,Haemulidae,Orthopristis,chrysoptera,1,1.86,2
BBR,ced116,20.1,LS,Penaeidae,Farfantepenaeus,duorarum,1,2.08,2
BBR,ced117,17.4,Fish,Gobiidae,na,na,1,3.73,3
BBR,ced118,16.8,Fish,Syngnathidae,Syngnathus,na,1,0.96,1
BBR,ced118,16.8,LS,Penaeidae,Farfantepenaeus,duorarum,2,2.16,2
BBR,ced119,15,SS,UIDshrimp,na,na,1,0.01,0.01
BBR,ced119,15,Fish,UIDfish,na,na,1,0.05,0.01
BBR,ced119,15,SS,UIDshrimp,na,na,1,na,na
BBR,ced120,17.5,Fish,Syngnathidae,Syngnathus,na,1,0.06,0.05
BBR,ced120,17.5,LS,Penaeidae,Farfantepenaeus,duorarum,2,1.21,1
BBR,ced121,16,SS,Hippolytidae,Tozeuma,carolinense,1,0.06,0.05
BBR,ced121,16,Fish,Syngnathidae,Syngnathus,na,1,0.5,0.1
BBR,ced121,16,Fish,Sparidae,Lagodon,rhomboides,1,0.64,1
BBR,ced122,16,SS,Hippolytidae,Tozeuma,carolinense,4,0.11,0.1
BBR,ced122,16,LS,Penaeidae,Farfantepenaeus,duorarum,3,1.17,1
BBR,ced123,15.4,Fish,Sparidae,Lagodon,rhomboides,1,0.52,0.5
BBR,ced124,21.9,SS,UIDshrimp,na,na,1,0.09,0.1
BBR,ced124,21.9,Fish,Sparidae,Lagodon,rhomboides,2,5.05,5
BBR,ced125,17.4,Fish,Sparidae,Lagodon,rhomboides,1,0.87,1
BBR,ced126,12.6,LS,Penaeidae,Farfantepenaeus,duorarum,1,0.93,1
BBR,ced127,16.3,SS,UIDshrimp,na,na,1,0.19,0.1
BBR,ced127,16.3,Fish,Syngnathidae,Syngnathus,na,2,1.32,1
BBR,ced201,19.4,Fish,Syngnathidae,Syngnathus,na,1,0.52,0.5
BBR,ced202,18.6,Fish,Syngnathidae,Syngnathus,na,1,0.39,0.4
BBR,ced205,14.6,LS,Penaeidae,Farfantepenaeus,duorarum,1,0.25,0.2
BBR,ced208,13.3,Fish,Syngnathidae,Syngnathus,na,1,0.02,0.05
BBR,ced208,13.3,SS,Hippolytidae,Tozeuma,carolinense,3,0.41,0.5
BBR,ced301,15.6,Fish,Syngnathidae,Syngnathus,na,1,0.03,0.05
BBR,ced301,15.6,LS,Penaeidae,Farfantepenaeus,duorarum,1,0.63,0.5
BBR,ced302,20.3,Fish,Syngnathidae,Syngnathus,na,1,0.06,0.1
BBR,ced302,20.3,LS,Penaeidae,Farfantepenaeus,duorarum,1,0.28,0.2
BBR,ced303,20.3,Fish,Sparidae,Lagodon,rhomboides,1,0.89,0.9
BBR,ced304,19,LS,Penaeidae,Farfantepenaeus,duorarum,1,0.6,0.5
BBR,ced305,16.5,SS,Hippolytidae,Hippolyte,zostericola,1,0.01,0.01
BBR,ced305,16.5,LS,Penaeidae,Farfantepenaeus,duorarum,2,0.95,0.9
BBR,ced306,18.4,LS,Penaeidae,Farfantepenaeus,duorarum,3,1,0.9
BBR,ced307,15.5,LS,Penaeidae,Farfantepenaeus,duorarum,1,0.89,0.2
BBR,ced307,15.5,SS,UIDshrimp,na,na,1,na,na
BBR,ced308,19.4,Fish,UIDfish,na,na,1,0.49,0.4
BBR,ced308,19.4,SS,Alpheidae,Alpheus,na,3,0.53,0.5
BBR,ced310,17.2,SS,Hippolytidae,Tozeuma,carolinense,3,0.17,0.2
BBR,ced311,18,Fish,Syngnathidae,Syngnathus,na,1,0.07,0.1
BBR,ced311,18,SS,UIDshrimp,na,na,1,0.19,0.1
BBR,ced312,20.9,Fish,Syngnathidae,Syngnathus,na,1,0.64,0.6
BBR,ced313,18.2,Fish,UIDfish,na,na,1,0.01,0.01
BBR,ced313,18.2,SS,UIDshrimp,na,na,1,0.09,0.1
BBR,ced314,20,SS,Hippolytidae,Hippolyte,na,1,0.29,0.3
BBR,ced314,20,SS,Palaemonidae,Palaemon ,floridanus,1,0.44,0.3
BBR,ced314,20,LS,Penaeidae,na,na,2,0.38,0.5
BBR,ced315,16.1,SS,Alpheidae,na,na,1,0.3,0.1
BBR,ced315,16.1,SS,Alpheidae,na,na,1,0.17,0.15
BBR,ced315,16.1,SS,Hippolytidae,Hippolyte,zostericola,5,0.13,0.2
BBR,ced315,16.1,LS,Penaeidae,Farfantepenaeus,duorarum,2,1.39,1.5
BBR,ced316,18.2,Fish,UIDfish,na,na,1,0.45,0.4
BBR,ced317,12.6,LS,Penaeidae,Farfantepenaeus,na,1,1.03,1.5
BBR,ced318,20.6,Fish,Syngnathidae,Syngnathus,na,1,0.46,0.5
BBR,ced318,20.6,LS,UIDshrimp,na,na,1,0.77,0.5
BBR,ced320,20.8,Fish,UIDfish,na,na,1,0.44,0.4
BBR,ced320,20.8,LS,Penaeidae,Farfantepenaeus,duorarum,2,0.52,0.5
BBR,ced323,19.9,Fish,UIDfish,na,na,1,0.3,0.1
BBR,ced323,19.9,LS,Penaeidae,Farfantepenaeus,duorarum,1,2.15,2
BBR,ced324,16.7,LS,Penaeidae,Farfantepenaeus,duorarum,1,1.2,1
BBR,ced325,20.4,LS,Penaeidae,Farfantepenaeus,duorarum,1,1.17,1
BBR,ced325,20.4,Fish,Sparidae,Lagodon,rhomboides,1,2.29,2
BBR,ced326,14.8,SS,Hippolytidae,Lysmata,na,1,0.25,0.2
BBR,ced327,16.4,SS,Alpheidae,Alpheus,na,1,0.43,0.2
BBR,ced327,16.4,SS,Palaemonidae,Palaemon ,floridanus,1,0.3,0.3
BBR,ced327,16.4,LS,Penaeidae,Farfantepenaeus,duorarum,2,1.66,1.5
BBR,ced328,19.5,SS,Alpheidae,Alpheopsis,na,1,0.21,0.2
BBR,ced328,19.5,LS,Penaeidae,Farfantepenaeus,duorarum,2,2.09,2
BBR,ced329,18.7,LS,Penaeidae,na,na,2,0.52,0.5
BBR,ced330,21.7,Fish,Sciaenidae,Bairdiella,na,1,0.82,0.5
BBR,ced330,21.7,LS,Penaeidae,Farfantepenaeus,duorarum,2,3.18,3
BBR,hom201,16.3,LS,Penaeidae,Farfantepenaeus,duorarum,1,1.6,1
BBR,hom201,16.3,Fish,Sparidae,Lagodon,rhomboides,1,3.06,2.5
BBR,hsb1,17.3,LS,Penaeidae,Farfantepenaeus,duorarum,1,1.14,1
BBR,hsb1,17.3,Fish,UIDfish,na,na,1,na,na
BBR,hsb303,18.7,Fish,UIDfish,na,na,1,0.89,2
BBR,hsb310,18,SS,UIDshrimp,na,na,1,0.18,0.1
BBR,hsb320,20.4,Fish,UIDfish,na,na,1,0.56,0.5
BBR,hsb330,17.6,LS,UIDshrimp,na,na,1,1.4,1.5
BBR,hsb333,24.4,Crab,Portunidae,Portunus ,na,1,0.25,0.3
BIG,ced104,15.1,empty,na,na,na,na,na,na
BIG,ced105,16.3,empty,na,na,na,na,na,na
BIG,ced112,21.7,empty,na,na,na,na,na,na
BIG,ced115,16.7,empty,na,na,na,na,na,na
BIG,ced128,16.2,empty,na,na,na,na,na,na
BIG,ced129,18.8,empty,na,na,na,na,na,na
BIG,ced130,16.2,empty,na,na,na,na,na,na
BIG,ced203,18.5,empty,na,na,na,na,na,na
BIG,ced204,15.8,empty,na,na,na,na,na,na
BIG,ced206,17,empty,na,na,na,na,na,na
BIG,ced207,19.6,empty,na,na,na,na,na,na
BIG,ced209,14,empty,na,na,na,na,na,na
BIG,ced309,14.7,empty,na,na,na,na,na,na
BIG,ced319,16.8,empty,na,na,na,na,na,na
BIG,ced321,20,empty,na,na,na,na,na,na
CPR,cpr201,16.6,empty,na,na,na,na,na,na
CPR,cpr202,13.3,SS,Hippolytidae,Tozeuma,carolinense,1,0.02,0.01
CPR,cpr203,13.2,Fish,UIDfish,na,na,1,0.05,0.01
CPR,cpr203,13.2,LS,Penaeidae,Farfantepenaeus,duorarum,1,0.6,1
CPR,cpr204,10,empty,na,na,na,na,na,na
CPR,cpr301,17.6,SS,UIDshrimp,na,na,1,0.01,0.01
CPR,cpr301,17.6,Fish,UIDfish,na,na,1,0.06,0.05
CPR,cpr302,12.3,SS,UIDshrimp,na,na,1,0.01,0.01
CPR,cpr302,12.3,Euph,Euphasiidae,na,na,1,0.01,0.01
CPR,cpr302,12.3,LS,Penaeidae,Farfantepenaeus,na,1,0.01,0.01
CPR,cpr302,12.3,SS,UIDshrimp,na,na,3,0.03,0.05
CPR,cpr303,13,SS,Hippolytidae,Hippolyte,zostericola,1,0.01,0.01
CPR,cpr305,15.2,Euph,Euphasiidae,na,na,1,0.01,0.01
CPR,cpr305,15.2,SS,Hippolytidae,Tozeuma,carolinense,4,0.01,0.01
CPR,cpr305,15.2,SS,UIDshrimp,na,na,4,0.01,0.01
CPR,cpr305,15.2,SS,Hippolytidae,Hippolyte,zostericola,3,0.05,0.01
CPR,cpr307,15,SS,Hippolytidae,Tozeuma,carolinense,1,0.01,0.01
CPR,cpr307,15,LS,Penaeidae,Farfantepenaeus,duorarum,1,0.05,0.05
CPR,cpr308,13.2,SS,Hippolytidae,Hippolyte,zostericola,1,0.01,0.01
CPR,cpr310,13.8,empty,na,na,na,na,na,na
CPR,cpr311,16.1,empty,na,na,na,na,na,na
CPR,cpr313,16.3,empty,na,na,na,na,na,na
CPR,cpr314,14.2,empty,na,na,na,na,na,na
CPR,cpr316,16.7,empty,na,na,na,na,na,na
CPR,cpr319,15.4,SS,Hippolytidae,na,na,1,0.01,0.01
CPR,cpr319,15.4,SS,Palaemonidae,na,na,1,0.01,0.01
CPR,cpr319,15.4,SS,Rhynchocinetidae,Rhynchocinetes,rigens,1,0.01,0.03
CPR,cpr320,17.5,empty,na,na,na,na,na,na
CPR,cpr321,14.5,SS,Hippolytidae,Hippolyte,zostericola,2,0.01,0.01
CPR,cpr323,16.4,empty,na,na,na,na,na,na
CPR,cpr325,17.1,empty,na,na,na,na,na,na
CPR,cpr327,10.9,empty,na,na,na,na,na,na
CPR,cpr328,12,SS,Hippolytidae,Hippolyte,zostericola,4,0.01,0.05
CPR,cpr330,13.3,SS,Hippolytidae,Hippolyte,zostericola,1,0.01,0.01
HSB,hsb2,23.5,empty,na,na,na,na,na,na
HSB,hsb3,24.1,empty,na,na,na,na,na,na
HSB,hsb301,19.2,empty,na,na,na,na,na,na
HSB,hsb302,19.5,empty,na,na,na,na,na,na
HSB,hsb304,24,empty,na,na,na,na,na,na
HSB,hsb305,23,empty,na,na,na,na,na,na
HSB,hsb306,21.9,empty,na,na,na,na,na,na
HSB,hsb307,18.7,empty,na,na,na,na,na,na
HSB,hsb308,23.9,empty,na,na,na,na,na,na
HSB,hsb309,18.7,empty,na,na,na,na,na,na
HSB,hsb311,17.3,empty,na,na,na,na,na,na
HSB,hsb312,20.9,empty,na,na,na,na,na,na
HSB,hsb313,21.5,empty,na,na,na,na,na,na
HSB,hsb314,19.6,empty,na,na,na,na,na,na
HSB,hsb315,24.1,empty,na,na,na,na,na,na
HSB,hsb316,18.7,empty,na,na,na,na,na,na
HSB,hsb317,22.4,empty,na,na,na,na,na,na
HSB,hsb318,21.6,empty,na,na,na,na,na,na
HSB,hsb319,22.4,empty,na,na,na,na,na,na
HSB,hsb321,20.6,empty,na,na,na,na,na,na
HSB,hsb322,21.6,empty,na,na,na,na,na,na
HSB,hsb323,22,empty,na,na,na,na,na,na
HSB,hsb324,15.7,empty,na,na,na,na,na,na
HSB,hsb325,20,empty,na,na,na,na,na,na
HSB,hsb326,19,empty,na,na,na,na,na,na
HSB,hsb327,19,empty,na,na,na,na,na,na
HSB,hsb328,22.1,empty,na,na,na,na,na,na
HSB,hsb329,20.5,empty,na,na,na,na,na,na
HSB,hsb331,19.8,empty,na,na,na,na,na,na
HSB,hsb332,23,empty,na,na,na,na,na,na
HSB,hsb334,22.7,empty,na,na,na,na,na,na
HSB,hsb335,18.7,empty,na,na,na,na,na,na
HSB,hsb4,18.1,empty,na,na,na,na,na,na
PIS,jug229b,17.2,Fish,Syngnathidae,Syngnathus,na,3,1.37,1
PIS,jug230,17.4,empty,na,na,na,na,na,na
PIS,jug231,19,empty,na,na,na,na,na,na
PIS,jug232,18.3,LS,UIDshrimp,na,na,1,0.01,0.01
PIS,jug233,16.2,LS,Penaeidae,Farfantepenaeus,duorarum,1,0.52,0.5
PIS,jug234,18.7,empty,na,na,na,na,na,na
PIS,jug235,16,empty,na,na,na,na,na,na
PIS,jug236,15.1,SS,UIDshrimp,na,na,1,0.01,0.01
PIS,jug236,15.1,Fish,Batrachoididae,Opsanus,beta,3,0.63,0.6
PIS,jug237,11.4,Fish,UIDfish,na,na,1,0.06,0.01
PIS,jug237,11.4,LS,Penaeidae,Farfantepenaeus,duorarum,1,0.35,0.4
PIS,jug238,12.1,SS,Alpheidae,na,na,1,na,na
PIS,jug239,16.6,empty,na,na,na,na,na,na
PIS,jug241,20,Fish,Syngnathidae,Syngnathus,na,1,0.75,1
PIS,jug242,15.7,SS,Alpheidae,Synalpheus,na,1,0.28,0.2
PIS,jug242,15.7,LS,Penaeidae,Farfantepenaeus,duorarum,1,1.42,1.8
PIS,jug243,19.7,LS,Penaeidae,Farfantepenaeus,duorarum,1,0.37,0.4
PIS,jug244,13.7,SS,Alpheidae,na,na,1,0.03,0.03
PIS,jug244,13.7,Crab,Portunidae,Portunus ,spinicarpus,1,0.23,0.3
PIS,jug245,16.7,Fish,UIDfish,na,na,2,0.01,0.01
PIS,jug246,16.8,LS,Penaeidae,Farfantepenaeus,duorarum,2,1.62,2
PIS,jug247,17.8,LS,Penaeidae,Farfantepenaeus,duorarum,1,0.3,0.3
PIS,jug249,20,empty,na,na,na,na,na,na
PIS,jug250,15.7,ls,Penaeidae,Farfantepenaeus,duorarum,1,0.01,0.01
PIS,jug250,15.7,SS,UIDshrimp,na,na,1,0.01,0.01
PIS,jug250,15.7,ss,Hippolytidae,Hippolyte,na,1,0.01,0.01
PIS,jug250,15.7,SS,Hippolytidae,Tozeuma,carolinense,3,0.03,0.01
PIS,jug251,19.6,LS,Penaeidae,Farfantepenaeus,duorarum,1,0.18,0.2
PIS,jug251,19.6,Fish,Sciaenidae,Bairdiella,chrysoura,1,7.36,7
PIS,jug252,15.7,SS,Hippolytidae,Hippolyte,zostericola,1,0.01,0.01
PIS,jug252,14.2,Fish,Syngnathidae,Syngnathus,na,1,0.1,0.1
PIS,jug252,14.2,LS,Penaeidae,Farfantepenaeus,duorarum,1,0.32,0.4
PIS,jug253,13.1,Fish,UIDfish,na,na,1,0.01,0.01
PIS,jug253,13.1,LS,Penaeidae,Farfantepenaeus,duorarum,1,0.1,0.1
PIS,jug253,13.1,Crab,Portunidae,Callinectes,similis,1,0.24,0.2
PIS,jug254,15.8,SS,Hippolytidae,Hippolyte,zostericola,1,0.01,0.01
PIS,jug255,19.1,LS,Penaeidae,Farfantepenaeus,duorarum,1,1.42,1
PIS,jug256,14.6,SS,UIDshrimp,na,na,1,0.01,0.01
PIS,jug256,14.6,SS,Hippolytidae,Hippolyte,zostericola,1,0.01,0.01
PIS,jug256,14.6,Fish,Batrachoididae,Opsanus,beta,1,0.04,0.01
PIS,jug256,14.6,LS,Penaeidae,Farfantepenaeus,duorarum,1,0.38,0.3
PIS,jug257,14.1,empty,na,na,na,na,na,na
PIS,jug258,16.8,SS,Palaemonidae,Periclimenes,americanus,1,0.02,0.05
PIS,jug258,16.8,LS,Penaeidae,Farfantepenaeus,duorarum,1,0.05,0.1
PIS,jug258,16.8,Crab,Portunidae,Portunus ,spinicarpus,1,0.07,0.1
PIS,jug301,20.9,LS,Penaeidae,Farfantepenaeus,duorarum,1,0.01,0.01
PIS,jug303,19.4,SS,Hippolytidae,Tozeuma,carolinense,1,0.09,0.1
PIS,jug303,19.4,Fish,Syngnathidae,Syngnathus,na,1,0.81,1
PIS,jug304,16.1,LS,Penaeidae,Farfantepenaeus,duorarum,1,1.27,1
PIS,jug305,15,LS,Penaeidae,Farfantepenaeus,duorarum,1,0.1,0.05
PIS,jug305,15,SS,Hippolytidae,Tozeuma,carolinense,13,0.36,0.3
PIS,jug307,20.8,SS,Processidae,Ambidexter,symmetricus,1,0.12,0.1
PIS,jug307,20.8,Fish,Syngnathidae,Syngnathus,na,1,0.15,0.1
PIS,jug308,20.6,Fish,UIDfish,na,na,1,0.15,0.2
PIS,jug308,20.6,LS,Penaeidae,Farfantepenaeus,duorarum,1,0.39,0.4
PIS,jug308,20.6,SS,Hippolytidae,Tozeuma,carolinense,11,0.69,0.7
PIS,jug308,20.6,SS,UIDshrimp,na,na,5,na,na
PIS,jug310,19.5,LS,Penaeidae,Farfantepenaeus,duorarum,1,0.17,0.15
PIS,jug310,19.5,Fish,Sparidae,Lagodon,rhomboides,1,8.22,8
PIS,jug311,22.8,Fish,UIDfish,na,na,1,0.23,0.2
PIS,jug312,17.6,Fish,Syngnathidae,Syngnathus,na,1,0.14,0.1
PIS,jug312,17.6,SS,Hippolytidae,Tozeuma,carolinense,18,1.08,1.3
PIS,jug313,20.3,Fish,Syngnathidae,Syngnathus,na,1,0.02,0.01
PIS,jug313,20.3,SS,Hippolytidae,Tozeuma,carolinense,3,0.08,0.1
PIS,jug313,20.3,LS,Penaeidae,Farfantepenaeus,duorarum,2,3.17,3
PIS,jug317,18.7,SS,Hippolytidae,Hippolyte,zostericola,1,0.01,0.01
PIS,jug317,18.7,SS,Hippolytidae,Tozeuma,carolinense,11,0.27,0.3
PIS,jug318,19.5,SS,Hippolytidae,Tozeuma,carolinense,4,0.13,0.1
PIS,jug318,19.5,LS,Penaeidae,Farfantepenaeus,duorarum,3,0.84,0.9
PIS,jug319,19.6,Fish,Syngnathidae,Syngnathus,na,1,0.03,0.01
PIS,jug321,17.6,SS,Hippolytidae,Tozeuma,carolinense,20,1.12,1
PIS,jug322,20.2,Fish,Syngnathidae,Syngnathus,na,1,0.65,0.5
PIS,jug322,20.2,LS,Penaeidae,Farfantepenaeus,duorarum,1,1.94,2
PIS,jug323,19.5,Fish,Syngnathidae,Syngnathus,na,1,0.71,0.7
PIS,jug323,19.5,SS,Hippolytidae,Tozeuma,carolinense,20,0.95,1
PIS,jug325,16.3,empty,na,na,na,na,na,na
PIS,jug327,19.4,SS,Hippolytidae,Tozeuma,carolinense,2,0.01,0.01
PIS,jug327,19.4,Fish,Syngnathidae,Syngnathus,na,1,0.5,0.5
PIS,jug327,19.4,SS,UIDshrimp,na,na,1,na,na
PIS,jug328,17.5,Fish,UIDfish,na,na,1,0.01,0.01
PIS,jug328,17.5,LS,Penaeidae,Farfantepenaeus,duorarum,3,0.47,0.4
PIS,jug329,19.4,SS,Hippolytidae,Tozeuma,carolinense,11,0.17,0.15
PIS,jug329,19.4,Fish,Syngnathidae,Syngnathus,na,1,0.51,0.5
PIS,pun1,25.2,LS,Penaeidae,Farfantepenaeus,duorarum,6,7.01,7.5
PIS,red1,23.3,LS,Penaeidae,na,na,1,0.13,0.1
PIS,red10,21.9,Fish,Blenniidae,na,na,1,0.16,0.1
PIS,red10,21.9,LS,Penaeidae,Farfantepenaeus,duorarum,1,1.65,0.5
PIS,red10,21.9,Fish,Gerreidae,Eucinostomus,gula,1,3.39,3.5
PIS,red11,26.3,empty,na,na,na,na,na,na
PIS,red12,20.3,Fish,Lutjanidae,Lutjanus,na,1,0.92,1
PIS,red123,22.6,empty,na,na,na,na,na,na
PIS,red14,24.2,Fish,UIDfish,na,na,1,0.25,0.3
PIS,red15,28,empty,na,na,na,na,na,na
PIS,red16,25.1,LS,UIDshrimp,na,na,1,0.9,1
PIS,red16,25.1,Fish,UIDfish,na,na,1,0.91,1
PIS,red2,21.9,empty,na,na,na,na,na,na
PIS,red201,11.6,SS,Palaemonidae,na,na,1,0.05,0.1
PIS,red201,11.6,Fish,UIDfish,na,na,1,0.95,0.5
PIS,red202,15.5,SS,UIDshrimp,na,na,1,0.01,0.01
PIS,red202,15.5,Fish,UIDfish,na,na,1,0.22,0.1
PIS,red203,16.8,empty,na,na,na,na,na,na
PIS,red204,13.8,LS,Penaeidae,Farfantepenaeus,duorarum,2,1.79,2
PIS,red204,13.8,Fish,UIDfish,na,na,1,na,na
PIS,red204,13.8,SS,UIDshrimp,na,na,1,na,na
PIS,red205,16.1,Fish,Clupeidae,na,na,1,1.27,1
PIS,red206,13.5,LS,Penaeidae,Farfantepenaeus,duorarum,1,0.23,0.2
PIS,red207,13.6,LS,Penaeidae,Farfantepenaeus,duorarum,1,0.15,0.1
PIS,red207,13.6,Fish,UIDfish,na,na,1,0.76,0.1
PIS,red208,12.4,LS,Penaeidae,Farfantepenaeus,duorarum,2,0.74,0.9
PIS,red209,13.7,LS,Penaeidae,Farfantepenaeus,duorarum,1,0.54,0.5
PIS,red210,11.2,empty,na,na,na,na,na,na
PIS,red211,15.5,empty,na,na,na,na,na,na
PIS,red212,12.7,SS,Alpheidae,na,na,1,0.06,0.07
PIS,red212,12.7,LS,Penaeidae,Farfantepenaeus,duorarum,1,0.49,0.5
PIS,red213,13.3,empty,na,na,na,na,na,na
PIS,red214,18,empty,na,na,na,na,na,na
PIS,red215,11.4,empty,na,na,na,na,na,na
PIS,red216,10.3,empty,na,na,na,na,na,na
PIS,red217,12.6,SS,UIDdecapod,na,na,1,0.07,0.1
PIS,red218,11.5,SS,Hippolytidae,na,na,1,0.01,0.01
PIS,red218,11.5,SS,Palaemonidae,Palaemon ,floridanus,1,0.2,0.15
PIS,red219,16,Fish,Syngnathidae,Syngnathus,na,2,1.2,1
PIS,red220,14,Fish,Syngnathidae,Syngnathus,na,1,0.08,0.1
PIS,red221,17.6,empty,na,na,na,na,na,na
PIS,red223,15,LS,Penaeidae,na,na,1,0.07,0.1
PIS,red224,15.6,LS,UIDshrimp,na,na,2,0.92,0.85
PIS,red225,16.9,Fish,Clupeidae,na,na,1,0.95,1
PIS,red226,14.2,SS,Hippolytidae,Hippolyte,na,1,0.01,0.01
PIS,red226,14.2,Fish,Haemulidae,Orthopristis,chrysoptera,1,0.1,0.1
PIS,red226,14.2,Fish,Syngnathidae,Syngnathus,na,1,0.41,0.5
PIS,red227,16,Fish,Blenniidae,na,na,2,0.21,0.2
PIS,red227,16,Fish,Clupeidae,Jenkinsia,stolifera,2,2.41,2
PIS,red228,14.4,LS,Penaeidae,Farfantepenaeus,duorarum,1,0.62,0.5
PIS,red228,14.4,Fish,Clupeidae,na,na,1,0.82,1
PIS,red229a,13.6,Fish,Batrachoididae,Opsanus,beta,1,0.35,0.5
PIS,red229a,13.6,Fish,Engraulidae,na,na,1,0.58,0.5
PIS,red230,12.6,Fish,Gobiidae,na,na,2,0.1,0.1
PIS,red230,12.6,LS,Penaeidae,Farfantepenaeus,duorarum,3,0.84,1
PIS,red6,24.5,LS,Penaeidae,Farfantepenaeus,duorarum,1,0.15,0.1
PIS,red7,25.6,Fish,Gerreidae,Eucinostomus,gula,2,3.37,4
PIS,red8,18.6,SS,Palaemonidae,na,na,1,0.01,0.01
PIS,red8,18.6,SS,UIDdecapod,na,na,1,0.03,0.1
PIS,red9,22.5,Fish,UIDfish,na,na,1,0.01,0.01
PIS,red9,22.5,Fish,Gobiidae,na,na,1,0.2,0.5
SAB,sab1,18.7,empty,na,na,na,na,na,na
SAB,sab10,21.3,empty,na,na,na,na,na,na
SAB,sab101,20,Fish,UIDfish,na,na,1,4.07,3.5
SAB,sab102,17.7,empty,na,na,na,na,na,na
SAB,sab103,19.3,empty,na,na,na,na,na,na
SAB,sab104,17.7,LS,Penaeidae,Farfantepenaeus,duorarum,2,2.06,2
SAB,sab105,21.3,Fish,UIDfish,na,na,1,2.1,2
SAB,sab106,20.7,Fish,Haemulidae,Orthopristis,chrysoptera,1,5.51,5.5
SAB,sab107,21.2,LS,Penaeidae,Farfantepenaeus,duorarum,1,0.28,0.3
SAB,sab108,14.5,empty,na,na,na,na,na,na
SAB,sab109,20,empty,na,na,na,na,na,na
SAB,sab11,19.5,empty,na,na,na,na,na,na
SAB,sab110,20.2,LS,Penaeidae,Farfantepenaeus,duorarum,1,1.14,1
SAB,sab111,19,Fish,Ostraciidae,Acanthostracion,quadricornis,1,2.4,2
SAB,sab112,20.3,Fish,UIDfish,na,na,2,0.56,0.1
SAB,sab113,17.1,LS,Penaeidae,Farfantepenaeus,duorarum,1,0.59,0.5
SAB,sab114,17.7,LS,Penaeidae,na,na,1,0.24,0.2
SAB,sab115,19.6,empty,na,na,na,na,na,na
SAB,sab116,18.6,LS,Penaeidae,Farfantepenaeus,duorarum,1,2.64,2
SAB,sab117,18.8,LS,Penaeidae,Farfantepenaeus,duorarum,3,1.18,0.95
SAB,sab118,14,LS,Penaeidae,Farfantepenaeus,duorarum,4,1.61,1.5
SAB,sab119,21.8,empty,na,na,na,na,na,na
SAB,sab12,20.5,empty,na,na,na,na,na,na
SAB,sab120,24.6,empty,na,na,na,na,na,na
SAB,sab121,20.5,empty,na,na,na,na,na,na
SAB,sab122,22.5,Fish,UIDfish,na,na,1,0.07,0.1
SAB,sab123,21.2,LS,Penaeidae,Farfantepenaeus,duorarum,1,0.49,0.5
SAB,sab124,21.7,Fish,Sparidae,Lagodon,rhomboides,1,2.99,3
SAB,sab125,19.9,empty,na,na,na,na,na,na
SAB,sab126,20.5,SS,UIDshrimp,na,na,1,0.15,0.1
SAB,sab127,22.7,Fish,Haemulidae,Orthopristis,chrysoptera,1,3.18,3
SAB,sab128,19.4,Fish,UIDfish,na,na,1,0.42,0.3
SAB,sab129,21.1,Fish,Haemulidae,Orthopristis,chrysoptera,1,1.68,2
SAB,sab130,17.5,LS,Penaeidae,Farfantepenaeus,duorarum,3,2.55,2.5
SAB,sab138,19.8,Fish,Syngnathidae,Syngnathus,na,1,1.63,2
SAB,sab13a,24,Fish,Clupeidae,na,na,1,4.53,4.5
SAB,sab13b,20.1,LS,Penaeidae,na,na,1,0.05,0.01
SAB,sab14,22.3,empty,na,na,na,na,na,na
SAB,sab15,19.4,empty,na,na,na,na,na,na
SAB,sab16,21.2,Fish,Gobiidae,na,na,2,0.23,0.2
SAB,sab18,24.8,LS,Penaeidae,Farfantepenaeus,duorarum,1,0.09,0.1
SAB,sab18,24.8,Crab,Portunidae,na,na,1,0.67,1
SAB,sab19,21.6,Fish,Gerreidae,Eucinostomus,gula,1,4.46,9
SAB,sab2,21,empty,na,na,na,na,na,na
SAB,sab20,19.9,LS,Penaeidae,na,na,3,1.98,1.5
SAB,sab201,19,Fish,UIDfish,na,na,1,0.82,0.5
SAB,sab202,15.7,empty,na,na,na,na,na,na
SAB,sab203,16.9,Fish,Sparidae,Lagodon,rhomboides,1,0.5,0.5
SAB,sab204,17.4,LS,Penaeidae,Farfantepenaeus,na,1,0.45,0.5
SAB,sab204,17.4,Fish,Sparidae,Lagodon,rhomboides,1,0.64,1
SAB,sab205,19.5,Fish,Clupeidae,na,na,1,2.35,2
SAB,sab206,14.7,Fish,Sparidae,Lagodon,rhomboides,1,1.27,1.2
SAB,sab207,16.4,empty,na,na,na,na,na,na
SAB,sab208,17.7,Fish,Sparidae,Lagodon,rhomboides,1,2.34,2
SAB,sab209,20.3,empty,na,na,na,na,na,na
SAB,sab21,23.8,Fish,UIDfish,na,na,1,1.19,0.1
SAB,sab21,23,empty,na,na,na,na,na,na
SAB,sab210,16.5,empty,na,na,na,na,na,na
SAB,sab211,13.7,Fish,Sparidae,Lagodon,rhomboides,1,2.12,2
SAB,sab212,15.2,Fish,UIDfish,na,na,1,na,na
SAB,sab213,17.2,Fish,UIDfish,na,na,1,0.13,0.5
SAB,sab214,17.3,empty,na,na,na,na,na,na
SAB,sab215,19.1,Fish,Sparidae,Lagodon,rhomboides,1,0.48,0.25
SAB,sab216,14,empty,na,na,na,na,na,na
SAB,sab217,21.1,Euph,Euphasiidae,na,na,1,0.01,0.01
SAB,sab217,21.1,Fish,UIDfish,na,na,1,0.13,0.1
SAB,sab217,21.1,Fish,Atherinopsidae,Membras,martinica,1,3.25,3
SAB,sab218,16.8,empty,na,na,na,na,na,na
SAB,sab219,14.4,LS,Penaeidae,Farfantepenaeus,duorarum,1,0.67,0.5
SAB,sab22,32.5,empty,na,na,na,na,na,na
SAB,sab220,18.2,Fish,Haemulidae,Orthopristis,chrysoura,1,3.03,3
SAB,sab221,20.2,Fish,UIDfish,na,na,1,0.52,1
SAB,sab222,12.6,empty,na,na,na,na,na,na
SAB,sab223,19.4,empty,na,na,na,na,na,na
SAB,sab224,21.1,empty,na,na,na,na,na,na
SAB,sab225,15.4,empty,na,na,na,na,na,na
SAB,sab226,15.8,Fish,Syngnathidae,Syngnathus,na,1,1.07,1
SAB,sab227,15.2,empty,na,na,na,na,na,na
SAB,sab228,11.8,Fish,UIDfish,na,na,1,0.07,0.1
SAB,sab228,11.8,Fish,Lutjanidae,Lutjanus,synagris,2,0.3,0.5
SAB,sab229,19,Fish,Sparidae,Lagodon,rhomboides,1,2.08,2.5
SAB,sab230,14.5,empty,na,na,na,na,na,na
SAB,sab233,17.3,Fish,Sparidae,Lagodon,rhomboides,2,1.46,0.5
SAB,sab234,12.3,LS,Penaeidae,Farfantepenaeus,duorarum,1,0.63,1
SAB,sab248,11,Fish,UIDfish,na,na,1,0.01,0.01
SAB,sab249,20.9,Fish,Lutjanidae,Lutjanus,synagris,1,0.18,0.2
SAB,sab303,14.8,SS,UIDshrimp,na,na,1,0.05,0.01
SAB,sab305,15.5,LS,Penaeidae,Farfantepenaeus,duorarum,1,1.19,0.5
SAB,sab309,13.3,empty,na,na,na,na,na,na
SAB,sab310,14.6,empty,na,na,na,na,na,na
SAB,sab312,13.8,empty,na,na,na,na,na,na
SAB,sab313,14.6,empty,na,na,na,na,na,na
SAB,sab314,14.8,LS,Penaeidae,Farfantepenaeus,duorarum,1,1.47,1
SAB,sab315,13.3,empty,na,na,na,na,na,na
SAB,sab316,14.8,empty,na,na,na,na,na,na
SAB,sab317,15.5,LS,UIDshrimp,na,na,1,0.48,0.6
SAB,sab318,15,LS,Penaeidae,Farfantepenaeus,duorarum,2,1.1,1
SAB,sab318,15,Fish,Batrachoididae,na,na,1,na,na
SAB,sab320,14.8,LS,Penaeidae,na,na,1,0.2,0.1
SAB,sab323,21.3,empty,na,na,na,na,na,na
SAB,sab324,15.3,empty,na,na,na,na,na,na
SAB,sab325,16,SS,UIDshrimp,na,na,1,0.3,0.2
SAB,sab326,13.3,LS,Penaeidae,Farfantepenaeus,duorarum,2,1.11,1
SAB,sab327,15.7,LS,Penaeidae,Farfantepenaeus,duorarum,2,0.65,1.5
SAB,sab328,14.5,empty,na,na,na,na,na,na
SAB,sab329,14.4,LS,Penaeidae,Farfantepenaeus,duorarum,1,0.56,0.5
SAB,sab4,29,empty,na,na,na,na,na,na
SAB,sab5,32,empty,na,na,na,na,na,na
SAB,sab6,33,empty,na,na,na,na,na,na
SAB,sab7,16.9,empty,na,na,na,na,na,na
SAB,sab8,34.4,empty,na,na,na,na,na,na
SAB,sab9,32.4,empty,na,na,na,na,na,na
SAR,sar102,35.4,empty,na,na,na,na,na,na
SAR,sar105,25.8,Fish,Gobiidae,na,na,2,3.03,3
SAR,sar105,25.8,LS,Penaeidae,Farfantepenaeus,duorarum,1,na,na
SAR,sar105,25.8,Fish,UIDfish,na,na,1,na,na
SAR,sar106,24.1,Fish,UIDfish,na,na,1,1.48,1
SAR,sar107,25,empty,na,na,na,na,na,na
SAR,sar108,20.4,empty,na,na,na,na,na,na
SAR,sar109,21.7,empty,na,na,na,na,na,na
SAR,sar110,24.8,empty,na,na,na,na,na,na
SAR,sar111,19.7,Fish,Sparidae,Lagodon,rhomboides,1,0.93,1
SAR,sar112,23,empty,na,na,na,na,na,na
SAR,sar114,25.1,Fish,UIDfish,na,na,1,0.43,0.3
SAR,sar115,23.2,Fish,Clupeidae,Jenkinsia,stolifera,2,4.13,4
SAR,sar116,24,Fish,Clupeidae,Jenkinsia,stolifera,5,7.122,6.5
SAR,sar117,18.5,LS,Penaeidae,Farfantepenaeus,duorarum,1,0.59,0.5
SAR,sar118,22.6,empty,na,na,na,na,na,na
SAR,sar119,21.1,Fish,Sciaenidae,Bairdiella,chrysoura,3,3.11,4
SAR,sar120,18.2,LS,UIDshrimp,na,na,1,0.06,0.02
SAR,sar121,24.5,Fish,Clupeidae,na,na,1,3.14,2.5
SAR,sar122,20.7,Fish,Clupeidae,Jenkinsia,stolifera,3,5.36,5.5
SAR,sar123,24.2,Fish,Clupeidae,Jenkinsia,stolifera,6,5.25,5
SAR,sar124,25.5,empty,na,na,na,na,na,na
SAR,sar147,21.3,Fish,Clupeidae,na,na,5,3.59,3.5
SAR,sar148,21.4,Fish,Sparidae,Lagodon,rhomboides,1,6.64,6.5
SAR,sar149,21.9,Fish,Clupeidae,Sardinella,aurita,3,2.98,2
SAR,sar150,12,Fish,Gobiidae,na,na,1,0.39,0.75
SAR,sar151,20.5,Fish,Sparidae,Lagodon,rhomboides,1,2,2
SAR,sar152,23.9,LS,Penaeidae,Farfantepenaeus,duorarum,1,0.02,0.05
SAR,sar152,23.9,Fish,Syngnathidae,Syngnathus,na,1,0.09,0.07
SAR,sar153,24.7,Fish,Gobiidae,na,na,1,1.5,2
SAR,sar154,20.5,empty,na,na,na,na,na,na
SAR,sar155,23.2,Fish,UIDfish,na,na,1,0.31,0.2
SAR,sar156,21,Fish,UIDfish,na,na,1,0.25,0.4
SAR,sar156,21,Fish,Gerreidae,Eucinostomus,gula,1,1.58,2
SAR,sar168,16.8,SS,UIDshrimp,na,na,5,0.03,0.01
SAR,sar18,24.8,Fish,UIDfish,na,na,2,1.17,1
SAR,sar18,24.8,Fish,UIDfish,na,na,2,1.17,1
SAR,sar20,24,Fish,Gerreidae,Eucinostomus,gula,2,2.65,2.5
SAR,sar22,21.2,empty,na,na,na,na,na,na
SAR,sar23,24.5,LS,Penaeidae,Farfantepenaeus,duorarum,1,0.8,0.5
SAR,sar24,25,LS,Penaeidae,Farfantepenaeus,duorarum,1,0.96,1
SAR,sar25,25.3,empty,na,na,na,na,na,na
SAR,sar26,23.2,Fish,UIDfish,na,na,2,0.27,0.2
SAR,sar26,23.2,LS,Penaeidae,Farfantepenaeus,duorarum,1,3.25,4.5
SAR,sar27,20.5,Fish,UIDfish,na,na,1,0.4,0.7
SAR,sar28,24.8,Fish,Clupeidae,Jenkinsia,stolifera,1,6.41,7
SAR,sar29,20.5,empty,na,na,na,na,na,na
SAR,sar30,23.8,LS,Penaeidae,Farfantepenaeus,duorarum,1,1.06,0.5
SAR,sar302,25,Crab,Xanthidae,na,na,1,0.1,1
SAR,sar302,23.2,Fish,Sparidae,Lagodon,rhomboides,1,5.39,5
SAR,sar302,25,SS,UIDshrimp,na,na,1,na,na
SAR,sar303,14,Euph,Euphasiidae,na,na,1,0.01,0.01
SAR,sar303,14,SS,Hippolytidae,Hippolyte,zostericola,2,0.01,0.01
SAR,sar303,14,LS,Penaeidae,Farfantepenaeus,duorarum,1,0.07,0.1
SAR,sar304,16.7,Fish,UIDfish,na,na,1,0.09,0.1
SAR,sar305,20.7,SS,Hippolytidae,Hippolyte,zostericola,1,0.02,0.05
SAR,sar305,20.7,Fish,UIDfish,na,na,1,0.05,0.05
SAR,sar305,20.7,Fish,Sciaenidae,Bairdiella,chrysoura,1,7.33,8.5
SAR,sar306,15.5,SS,Hippolytidae,Hippolyte,zostericola,1,0.01,0.01
SAR,sar306,15.5,LS,Penaeidae,Farfantepenaeus,na,1,0.18,0.2
SAR,sar307,16.9,empty,na,na,na,na,na,na
SAR,sar308,19.4,Fish,Sparidae,Lagodon,rhomboides,1,2.98,3
SAR,sar309,15.6,SS,Hippolytidae,Hippolyte,na,1,0.2,0.1
SAR,sar309,15.6,Fish,UIDfish,na,na,1,na,na
SAR,sar309,15.6,SS,Palaemonidae,na,na,6,na,na
SAR,sar310,15.8,SS,Palaemonidae,Periclimenes,schmitti,1,0.33,0.5
SAR,sar311,17.3,empty,na,na,na,na,na,na
SAR,sar312,20.1,Fish,UIDfish,na,na,1,0.51,0.4
SAR,sar313,21.8,Fish,UIDfish,na,na,1,0.7,0.6
SAR,sar314,16.8,SS,Hippolytidae,Tozeuma,carolinense,1,0.01,0.01
SAR,sar314,16.8,SS,Hippolytidae,Hippolyte,pleuracanthus,1,0.01,0.01
SAR,sar314,16.8,SS,Hippolytidae,Hippolyte,zostericola,2,0.01,0.01
SAR,sar314,16.8,SS,UIDshrimp,na,na,1,0.05,0.05
SAR,sar314,16.8,Fish,Syngnathidae,Syngnathus,na,1,0.08,0.1
SAR,sar315,16.2,SS,Hippolytidae,Hippolyte,zostericola,1,0.01,0.05
SAR,sar315,16.2,LS,Penaeidae,Farfantepenaeus,duorarum,2,0.37,0.2
SAR,sar316,14.9,SS,Hippolytidae,na,na,4,0.03,0.01
SAR,sar316,14.9,LS,Penaeidae,Farfantepenaeus,na,3,0.17,0.2
SAR,sar317,24,empty,na,na,na,na,na,na
SAR,sar318,16.7,empty,na,na,na,na,na,na
SAR,sar319,17,SS,Palaemonidae,na,na,2,0.12,0.25
SAR,sar32,20.8,empty,na,na,na,na,na,na
SAR,sar320,13.9,LS,Penaeidae,Farfantepenaeus,na,3,0.34,0.5
SAR,sar321,13.7,SS,Palaemonidae,na,na,5,0.16,0.3
SAR,sar323,21.7,empty,na,na,na,na,na,na
SAR,sar324,14.1,Fish,Gobiidae,na,na,1,0.05,0.05
SAR,sar324,14.1,LS,Penaeidae,Farfantepenaeus,duorarum,1,0.06,0.05
SAR,sar324,14.1,SS,Hippolytidae,na,na,4,0.23,0.1
SAR,sar325,25.5,LS,Penaeidae,Farfantepenaeus,duorarum,1,0.2,0.2
SAR,sar325,25.5,SS,Hippolytidae,Hippolyte,zostericola,2,na,na
SAR,sar325,25.5,SS,Palaemonidae,Palaemonetes,na,2,na,na
SAR,sar325,25.5,SS,UIDshrimp,na,na,9,na,na
SAR,sar326,16.9,LS,Penaeidae,na,na,1,0.06,0.01
SAR,sar327,20.6,empty,na,na,na,na,na,na
SAR,sar328,22.5,LS,Penaeidae,Farfantepenaeus,na,1,0.19,0.2
SAR,sar329,16.8,SS,Hippolytidae,na,na,1,0.01,0.01
SAR,sar329,16.8,Crab,Portunidae,Callinectes,similis,1,0.02,0.01
SAR,sar33,23.8,empty,na,na,na,na,na,na
SAR,sar330,17,LS,Penaeidae,Farfantepenaeus,duorarum,1,0.09,0.05
SAR,sar34,22.3,empty,na,na,na,na,na,na
SAR,sar35,22.8,empty,na,na,na,na,na,na
SAR,sar36,28.3,empty,na,na,na,na,na,na
SAR,sar37,19.2,LS,Penaeidae,Farfantepenaeus,duorarum,2,1.61,1.5
SAR,sar38,25.3,Fish,Syngnathidae,Syngnathus,na,1,1.47,1.5
SAR,sar39,23,Fish,UIDfish,na,na,1,0.21,0.2
SAR,sar40,23,LS,Penaeidae,Farfantepenaeus,duorarum,1,2.86,4
SAR,sar41,21,Fish,UIDfish,na,na,1,2.73,2.5
SAR,sar43,22,empty,na,na,na,na,na,na
SAR,sar44,18,SS,UIDcrab,na,na,1,0.08,0.01
SAR,sar44,18,SS,UIDshrimp,na,na,2,0.14,0.2
SAR,sar44,18,Fish,Sparidae,Lagodon,rhomboides,1,0.34,0.5
SAR,sar45,21.4,LS,Penaeidae,Farfantepenaeus,duorarum,2,1.87,2
SAR,sar46,20.8,LS,Penaeidae,Farfantepenaeus,duorarum,1,0.22,0.5
SAR,sar47,22.1,LS,Penaeidae,Farfantepenaeus,duorarum,1,0.11,0.1
SAR,sar7,20,Fish,Sparidae,Lagodon,rhomboides,1,0.09,0.01
SAR,sar7,20,LS,Penaeidae,Farfantepenaeus,duorarum,1,0.43,0.5
SAR,sar7,20,Fish,Sciaenidae,Bairdiella,chrysoura,1,0.89,1.5
SAR ,sar301,20.5,empty,na,na,na,na,na,na
SJB,sjb101,20.2,SS,Hippolytidae,Tozeuma,carolinense,1,0.01,0.05
SJB,sjb102,15,LS,Penaeidae,Farfantepenaeus,duorarum,1,0.25,0.2
SJB,sjb103,18.8,SS,Hippolytidae,Hippolyte,na,2,0.01,0.01
SJB,sjb103,18.8,SS,Hippolytidae,Tozeuma,carolinense,7,0.1,0.2
SJB,sjb103,18.8,LS,Penaeidae,Farfantepenaeus,duorarum,1,0.23,0.3
SJB,sjb104,21.6,Fish,Haemulidae,Orthopristis,chrysoptera,1,4,3.5
SJB,sjb105,20.3,LS,Penaeidae,Farfantepenaeus,duorarum,1,0.47,0.8
SJB,sjb105,20.3,SS,Hippolytidae,Tozeuma,carolinense,22,0.99,1
SJB,sjb106,17.2,SS,Hippolytidae,Hippolyte,na,2,0.05,0.02
SJB,sjb106,17.2,SS,Hippolytidae,Tozeuma,carolinense,1,0.07,0.07
SJB,sjb106,17.2,LS,Penaeidae,Farfantepenaeus,duorarum,1,1.97,0.5
SJB,sjb107,19.4,Fish,UIDfish,na,na,1,0.11,0.1
SJB,sjb107,19.4,SS,Hippolytidae,Tozeuma,carolinense,2,0.29,0.3
SJB,sjb108,21.1,Fish,Sparidae,Lagodon,rhomboides,1,2.63,2.5
SJB,sjb109,16.7,SS,Hippolytidae,Tozeuma,carolinense,6,0.33,0.3
SJB,sjb109,16.7,SS,Hippolytidae,na,na,1,na,na
SJB,sjb110,19.3,LS,Penaeidae,Farfantepenaeus,duorarum,1,0.25,0.3
SJB,sjb110,19.3,SS,Hippolytidae,Tozeuma,carolinense,12,0.52,0.5
SJB,sjb111,13.2,empty,na,na,na,na,na,na
SJB,sjb112,18.4,Fish,Syngnathidae,Syngnathus,na,1,1.29,1
SJB,sjb113,15.4,LS,Penaeidae,Farfantepenaeus,duorarum,1,0.63,1
SJB,sjb114,14.9,empty,na,na,na,na,na,na
SJB,sjb115,17.7,LS,Penaeidae,Farfantepenaeus,duorarum,1,1.15,1
SJB,sjb116,15.5,LS,Penaeidae,Farfantepenaeus,duorarum,1,0.18,0.1
SJB,sjb116,15.5,Fish,UIDfish,na,na,1,na,na
SJB,sjb117,20,SS,Hippolytidae,Tozeuma,carolinense,2,0.5,0.3
SJB,sjb117,20,Fish,Batrachoididae,Opsanus,beta,1,1.8,1.5
SJB,sjb117,16.6,empty,na,na,na,na,na,na
SJB,sjb119,15,SS,Hippolytidae,Tozeuma,carolinense,9,0.26,0.3
SJB,sjb119,15,SS,Hippolytidae,Hippolyte,na,5,2,na
SJB,sjb120,20.3,empty,na,na,na,na,na,na
SJB,sjb121,17.6,SS,UIDshrimp,na,na,1,0.02,0.01
SJB,sjb122,18.8,SS,Hippolytidae,Tozeuma,carolinense,1,0.07,0.2
SJB,sjb123,19.5,Crab,Portunidae,Callinectes,sapidus,1,0.58,1
SJB,sjb124,16.9,LS,Penaeidae,Farfantepenaeus,duorarum,3,1.75,1.5
SJB,sjb124,16.9,Fish,UIDfish,na,na,1,na,na
SJB,sjb125,19.7,empty,na,na,na,na,na,na
SJB,sjb126,20.5,SS,Hippolytidae,Tozeuma,carolinense,1,0.07,0.01
SJB,sjb126,20.5,Fish,Sparidae,Lagodon,rhomboides,1,0.09,0.01
SJB,sjb126,20.5,Fish,UIDfish,na,na,1,na,na
SJB,sjb127,21.3,empty,na,na,na,na,na,na
SJB,sjb128,20.4,Fish,Monacanthidae,Stephanolepis ,hispidus,1,2.76,2.5
SJB,sjb129,24,Fish,Sparidae,Lagodon,rhomboides,1,4.24,3.5
SJB,sjb130,21.6,Fish,UIDfish,na,na,1,0.27,0.2
SJB,sjb201,12.4,Fish,Batrachoididae,Opsanus,beta,1,0.22,0.4
SJB,sjb202,12.2,empty,na,na,na,na,na,na
SJB,sjb203,12.2,empty,na,na,na,na,na,na
SJB,sjb204,16,empty,na,na,na,na,na,na
SJB,sjb205,17,empty,na,na,na,na,na,na
SJB,sjb206,15.2,empty,na,na,na,na,na,na
SJB,sjb207,14.5,empty,na,na,na,na,na,na
SJB,sjb208,16.5,Fish,Haemulidae,Orthopristis,chrysoptera,1,2.18,2
SJB,sjb209,17,Fish,Sparidae,Lagodon,rhomboides,1,1.03,1.25
SJB,sjb21,23,Fish,UIDfish,na,na,1,0.49,0.5
SJB,sjb21,23,SS,UIDshrimp,na,na,1,na,na
SJB,sjb210,14.8,SS,UIDshrimp,na,na,1,0.03,0.01
SJB,sjb211,14.3,Fish,Haemulidae,Orthopristis,chrysoptera,1,1.47,1
SJB,sjb212,16,LS,Penaeidae,Farfantepenaeus,duorarum,1,0.12,0.02
SJB,sjb213,11.9,Fish,UIDfish,na,na,1,0.22,0.5
SJB,sjb214,16.1,Fish,UIDfish,na,na,1,0.9,1
SJB,sjb215,13,LS,Penaeidae,Farfantepenaeus,duorarum,1,0.81,0.5
SJB,sjb215,13,SS,Hippolytidae,Tozeuma,carolinense,1,na,na
SJB,sjb215,13,Fish,UIDfish,na,na,1,na,na
SJB,sjb216,15.5,Fish,Sparidae,Lagodon,rhomboides,1,0.61,1
SJB,sjb217,16.1,empty,na,na,na,na,na,na
SJB,sjb218,16.7,Fish,Gobiidae,na,na,1,0.93,1
SJB,sjb219,15.8,empty,na,na,na,na,na,na
SJB,sjb22,19.6,Fish,UIDfish,na,na,1,0.2,0.15
SJB,sjb220,12.9,Fish,UIDfish,na,na,1,na,na
SJB,sjb221,16.7,empty,na,na,na,na,na,na
SJB,sjb222,13,SS,Hippolytidae,Tozeuma,carolinense,1,0.05,0.01
SJB,sjb222,13,Fish,UIDfish,na,na,1,0.23,0.3
SJB,sjb223,16.3,Fish,UIDfish,na,na,1,1.07,1
SJB,sjb224,13.4,SS,Palaemonidae,Palaemon ,floridanus,1,0.06,0.1
SJB,sjb225,14.3,Fish,Sparidae,Lagodon,rhomboides,1,3.5,4
SJB,sjb226,13.5,LS,Penaeidae,Farfantepenaeus,duorarum,1,0.28,0.3
SJB,sjb227,13.8,empty,na,na,na,na,na,na
SJB,sjb228,15,empty,na,na,na,na,na,na
SJB,sjb229,16.8,empty,na,na,na,na,na,na
SJB,sjb23,23.1,Fish,UIDfish,na,na,1,0.06,0.01
SJB,sjb230,13.3,Fish,UIDfish,na,na,1,na,na
SJB,sjb24,24.1,empty,na,na,na,na,na,na
SJB,sjb25,15.5,LS,Penaeidae,Farfantepenaeus,duorarum,2,0.93,1
SJB,sjb26,15.1,LS,Penaeidae,Farfantepenaeus,duorarum,2,0.52,0.5
SJB,sjb27,21.5,empty,na,na,na,na,na,na
SJB,sjb29,18.9,empty,na,na,na,na,na,na
SJB,sjb30,18.3,empty,na,na,na,na,na,na
SJB,sjb301,14.6,Fish,UIDfish,na,na,1,0.1,0.05
SJB,sjb302,15.5,LS,Penaeidae,Farfantepenaeus,duorarum,1,1.3,1.5
SJB,sjb303,16.6,empty,na,na,na,na,na,na
SJB,sjb304,19.4,SS,Hippolytidae,Tozeuma,carolinense,1,0.27,0.15
SJB,sjb306,15.6,LS,Penaeidae,Farfantepenaeus,duorarum,1,0.11,0.1
SJB,sjb311,14.6,empty,na,na,na,na,na,na
SJB,sjb316,14.7,Fish,Batrachoididae,Opsanus,beta,1,0.18,0.19
SJB,sjb316,14.7,SS,UIDshrimp,na,na,1,na,na
SJB,sjb317,15.7,LS,Penaeidae,Farfantepenaeus,duorarum,2,1.26,1
SJB,sjb318,16,empty,na,na,na,na,na,na
SJB,sjb319,13.5,Fish,Batrachoididae,Opsanus,beta,1,0.22,0.2
SJB,sjb319,13.5,Fish,UIDfish,na,na,1,0.23,0.3
SJB,sjb32,23,Fish,UIDfish,na,na,1,3.45,3
SJB,sjb321,16.9,SS,UIDshrimp,na,na,1,0.2,0.2
SJB,sjb323,15.5,LS,Penaeidae,Farfantepenaeus,duorarum,1,1.44,1.5
SJB,sjb324,16.3,empty,na,na,na,na,na,na
SJB,sjb327,14.5,LS,Penaeidae,Farfantepenaeus,duorarum,1,0.82,0.1
SJB,sjb328,14.8,empty,na,na,na,na,na,na
SJB,sjb33,20,Fish,Gobiidae,na,na,1,3.77,4
SJB,sjb330,14.5,SS,UIDshrimp,na,na,1,0.01,0.01
SJB,sjb330,14.5,LS,Penaeidae,Farfantepenaeus,duorarum,1,0.1,0.08
SJB,sjb330,14.5,Fish,UIDfish,na,na,1,na,na
SJB,sjb34,16.6,empty,na,na,na,na,na,na
SJB,sjb35,20.1,empty,na,na,na,na,na,na
SJB,sjb36,17.2,empty,na,na,na,na,na,na
SJB,sjb36,18,Fish,UIDfish,na,na,1,na,na
SJB,sjb38,20,empty,na,na,na,na,na,na
SJB,sjb39,18.1,Fish,UIDfish,na,na,1,0.15,0.2
SJB,sjb40,18.2,Fish,UIDfish,na,na,1,1.3,1
SJB,sjb41,18.6,Fish,UIDfish,na,na,1,2.8,2.5
SJB,sjb42,19.3,LS,Penaeidae,Farfantepenaeus,duorarum,1,4.05,3.5
SJB,sjb42,19.3,Fish,UIDfish,na,na,1,na,na
SJB,sjb43,19.7,empty,na,na,na,na,na,na
SJB,sjb44,16,empty,na,na,na,na,na,na
SJB,sjb45,15.2,LS,Penaeidae,Farfantepenaeus,duorarum,1,2.1,2
SJB,sjb46,18,Fish,UIDfish,na,na,1,3.33,3
SJB,sjb47,19.1,LS,Penaeidae,Farfantepenaeus,duorarum,2,2.1,2
SJB,sjb48,14.3,empty,na,na,na,na,na,na
SJB,sjb49,15.4,empty,na,na,na,na,na,na
SJB,sjb50,14,LS,Penaeidae,na,na,2,0.04,0.01
TAM,egm1,20.4,empty,na,na,na,na,na,na
TAM,egm1,19.2,empty,na,na,na,na,na,na
TAM,egm101,21.3,empty,na,na,na,na,na,na
TAM,egm102,17.1,empty,na,na,na,na,na,na
TAM,egm104,13,Fish,UIDfish,na,na,1,0.19,0.1
TAM,egm106,25.4,Fish,UIDfish,na,na,1,0.03,0.1
TAM,egm106,25.4,LS,Penaeidae,Farfantepenaeus,na,1,0.34,0.5
TAM,egm107,18.3,empty,na,na,na,na,na,na
TAM,egm108,19,Fish,UIDfish,na,na,1,1.64,1.5
TAM,egm109,18.7,SS,Hippolytidae,Tozeuma,carolinense,1,0.02,0.01
TAM,egm109,18.7,Fish,Clupeidae,na,na,2,1.95,0.2
TAM,egm110,25.5,Fish,Sparidae,Lagodon,rhomboides,1,1.9,2
TAM,egm111,13.5,Fish,Batrachoididae,Opsanus,beta,1,0.62,1
TAM,egm111,13.5,SS,UIDshrimp,na,na,1,na,na
TAM,egm113,19.8,empty,na,na,na,na,na,na
TAM,egm114,15.6,Fish,Syngnathidae,Syngnathus,na,1,0.18,0.2
TAM,egm114,15.6,Fish,UIDfish,na,na,1,0.4,0.5
TAM,egm115,18.9,empty,na,na,na,na,na,na
TAM,egm116,19.9,SS,Hippolytidae,Tozeuma,carolinense,4,0.07,0.15
TAM,egm116,19.9,Fish,Sparidae,Lagodon,rhomboides,1,0.91,0.9
TAM,egm117,19.4,Fish,UIDfish,na,na,1,2.07,2.25
TAM,egm118,20.4,Fish,Syngnathidae,na,na,1,0.75,1
TAM,egm123,15.4,empty,na,na,na,na,na,na
TAM,egm124,13.5,SS,Hippolytidae,Tozeuma,carolinense,4,0.16,0.15
TAM,egm124,13.5,Fish,Monacanthidae,Aluterus,na,1,0.69,0.9
TAM,egm125,15.1,empty,na,na,na,na,na,na
TAM,mul126,21.5,empty,na,na,na,na,na,na
TAM,mul127,19.7,LS,UIDshrimp,na,na,1,0.04,0.01
TAM,mul127,19.7,Fish,UIDfish,na,na,1,0.14,0.1
TAM,mul128,19.2,SS,Hippolytidae,Tozeuma,na,3,0.7,0.1
TAM,mul128,19.2,Fish,Clupeidae,na,na,1,6.65,6
TAM,mul129,19.5,Fish,Clupeidae,na,na,3,0.93,1
TAM,mul129,19.5,LS,Penaeidae,na,na,1,2.85,2
TAM,mul130,17.3,Fish,Haemulidae,na,na,1,0.22,0.5
TAM,mul130,17.3,SS,Hippolytidae,Tozeuma,carolinense,16,0.7,1.5
TAM,mul201,13.2,LS,Penaeidae,na,na,1,0.12,0.1
TAM,mul301,19,Fish,UIDfish,na,na,1,2.27,2
TAM,mul302,23.2,Fish,Haemulidae,Orthopristis,chrysoptera,1,2.85,3.5
TAM,mul304,21.7,empty,na,na,na,na,na,na
TAM,mul305,20,empty,na,na,na,na,na,na
TAM,mul306,22.2,empty,na,na,na,na,na,na
TAM,mul307,21.2,empty,na,na,na,na,na,na
TAM,mul308,22.8,empty,na,na,na,na,na,na
TAM,mul309,20,SS,Hippolytidae,Tozeuma,carolinense,1,0.05,0.05
TAM,mul310,16.4,Fish,UIDfish,na,na,1,0.05,0.05
TAM,mul310,16.4,SS,Hippolytidae,Tozeuma,carolinense,1,0.07,0.1
TAM,mul312,15,empty,na,na,na,na,na,na
TAM,mul313,17.3,Fish,Syngnathidae,Syngnathus,na,1,0.5,0.1
TAM,mul313,17.3,LS,Penaeidae,Farfantepenaeus,duorarum,6,0.38,0.4
TAM,mul314,22.1,empty,na,na,na,na,na,na
TAM,mul315,24.3,SS,Hippolytidae,Tozeuma,carolinense,1,0.04,0.05
TAM,mul315,24.3,Fish,Clupeidae,Sardinella,na,1,0.86,1
TAM,mul315,24.3,Fish,Clupeidae,Brevoortia,na,1,4.2,4
TAM,mul315,24.3,Fish,Haemulidae,Orthopristis,chrysoura,1,11.09,11
TAM,mul317,14.8,empty,na,na,na,na,na,na
TAM,mul318,20.3,Fish,UIDfish,na,na,1,0.11,0.05
TAM,mul318,20.3,SS,Hippolytidae,Tozeuma,carolinense,2,0.09,0.1
TAM,mul318,20.3,LS,UIDshrimp,na,na,1,0.3,0.3
TAM,mul318,20.3,LS,Penaeidae,Farfantepenaeus,duorarum,1,0.9,1
TAM,mul319,14.3,SS,Hippolytidae,Tozeuma,carolinense,8,0.19,0.1
TAM,mul320,14.7,Fish,Gobiidae,na,na,1,0.59,0.5
TAM,mul321,18.7,SS,Hippolytidae,Tozeuma,carolinense,9,0.32,0.35
TAM,mul321,18.7,SS,Palaemonidae,Periclimenes,longicaudatus,2,0.01,0.5
TAM,mul322,14.4,SS,Hippolytidae,Tozeuma,carolinense,1,0.01,0.01
TAM,mul323,18.8,SS,Hippolytidae,Tozeuma,carolinense,6,0.46,0.5
TAM,mul325,19.4,Fish,Monacanthidae,Stephanolepis ,hispidus,1,1.54,2
TAM,mul326,15.5,Fish,Clupeidae,na,na,1,1.17,1
TAM,mul328,13.5,SS,Hippolytidae,Hippolyte,na,9,0.15,0.1
TAM,mul328,13.5,SS,Hippolytidae,Tozeuma,carolinense,15,0.39,0.5
TAM,mul329,15.2,Fish,UIDfish,na,na,1,0.04,0.05
TAM,mul329,15.2,SS,Hippolytidae,Tozeuma,carolinense,14,0.28,0.4
TPS,tps1,13,LS,Penaeidae,Farfantepenaeus,na,1,0.14,0.5
TPS,tps10,24.4,empty,na,na,na,na,na,na
TPS,tps102,17.3,empty,na,na,na,na,na,na
TPS,tps103,16.8,LS,Penaeidae,Farfantepenaeus,duorarum,2,0.56,0.5
TPS,tps103,16.8,Fish,Sparidae,Lagodon,rhomboides,1,1.32,1.5
TPS,tps104,17.4,Fish,UIDfish,na,na,1,0.52,0.5
TPS,tps105,21.3,Fish,Sparidae,Lagodon,rhomboides,1,3.55,3
TPS,tps107,22,empty,na,na,na,na,na,na
TPS,tps108a,20,Fish,UIDfish,na,na,1,0.81,1
TPS,tps108b,17.4,Fish,UIDfish,na,na,1,0.34,0.5
TPS,tps109,23.6,Fish,UIDfish,na,na,1,0.55,0.5
TPS,tps11,23.5,empty,na,na,na,na,na,na
TPS,tps110,23.4,Fish,UIDfish,na,na,1,0.64,0.5
TPS,tps111,23.1,LS,Penaeidae,Farfantepenaeus,duorarum,1,1.41,1.5
TPS,tps111,23.1,Fish,Sparidae,Lagodon,rhomboides,1,1.86,2
TPS,tps114,24.1,LS,Penaeidae,na,na,1,0.37,0.2
TPS,tps115,21.6,Fish,Syngnathidae,Syngnathus,na,2,0.97,1
TPS,tps115,21.6,Fish,Sciaenidae,Bairdiella,chrysoura,1,1.43,1.5
TPS,tps116,22,empty,na,na,na,na,na,na
TPS,tps117,20.1,empty,na,na,na,na,na,na
TPS,tps118,17.9,SS,UIDshrimp,na,na,1,0.01,0.01
TPS,tps118,17.9,SS,UIDshrimp,na,na,1,0.04,0.01
TPS,tps118,17.9,Fish,UIDfish,na,na,1,1.03,1
TPS,tps119,11.1,empty,na,na,na,na,na,na
TPS,tps12,23.8,Fish,UIDfish,na,na,1,0.46,0.3
TPS,tps12,23.8,LS,Penaeidae,Farfantepenaeus,duorarum,2,0.68,0.8
TPS,tps12,23.8,Fish,Syngnathidae,Syngnathus,na,1,1.02,1
TPS,tps12,23.8,Fish,Sparidae,Lagodon,rhomboides,1,4.91,4.5
TPS,tps120,17.7,LS,Penaeidae,Farfantepenaeus,duorarum,3,0.41,1
TPS,tps121,19.2,empty,na,na,na,na,na,na
TPS,tps123,24.8,Fish,Sparidae,Lagodon,rhomboides,1,4.18,3.5
TPS,tps124,22.5,empty,na,na,na,na,na,na
TPS,tps125,24.8,empty,na,na,na,na,na,na
TPS,tps126,23.1,empty,na,na,na,na,na,na
TPS,tps127,19.6,empty,na,na,na,na,na,na
TPS,tps128,19,empty,na,na,na,na,na,na
TPS,tps129,21.5,LS,Penaeidae,na,na,2,1.15,1
TPS,tps129,21.5,Fish,Sparidae,Lagodon,rhomboides,1,1.92,2
TPS,tps13,20.6,empty,na,na,na,na,na,na
TPS,tps130,19.8,Fish,Sparidae,Lagodon,rhomboides,1,2.42,2
TPS,tps14,19.6,empty,na,na,na,na,na,na
TPS,tps15,24,Fish,UIDfish,na,na,1,0.14,0.01
TPS,tps16,21.9,empty,na,na,na,na,na,na
TPS,tps17,23.6,empty,na,na,na,na,na,na
TPS,tps18,25.3,SS,Hippolytidae,Tozeuma,carolinense,1,0.01,0.1
TPS,tps19,23.8,Fish,Syngnathidae,Syngnathus,na,1,0.13,0.15
TPS,tps19,23.8,Fish,UIDfish,na,na,1,1.14,1
TPS,tps20,22.1,Fish,Syngnathidae,Syngnathus,na,1,2.13,2
TPS,tps20,22.1,LS,Penaeidae,Farfantepenaeus,duorarum,1,na,na
TPS,tps202,16.7,empty,na,na,na,na,na,na
TPS,tps203,19.2,Fish,UIDfish,na,na,1,0.33,0.6
TPS,tps204,18.3,Fish,Serranidae,na,na,1,0.86,1
TPS,tps205,18.2,LS,Penaeidae,Farfantepenaeus,duorarum,1,1.55,1.5
TPS,tps206,17.8,Fish,Sparidae,Lagodon,rhomboides,1,0.78,1
TPS,tps207,18.9,Fish,Sparidae,Lagodon,rhomboides,1,2.4,2
TPS,tps208,18.3,empty,na,na,na,na,na,na
TPS,tps209,17.2,empty,na,na,na,na,na,na
TPS,tps21,23.6,empty,na,na,na,na,na,na
TPS,tps210,18,Fish,UIDfish,na,na,1,0.35,0.1
TPS,tps211,17.8,empty,na,na,na,na,na,na
TPS,tps212,18.8,Fish,Sparidae,Lagodon,rhomboides,1,1.42,1
TPS,tps213,18.9,empty,na,na,na,na,na,na
TPS,tps214,18.5,Fish,UIDfish,na,na,1,0.55,0.4
TPS,tps215,18.2,Fish,UIDfish,na,na,1,1.52,1.5
TPS,tps216,19,Fish,Haemulidae,Orthopristis,chrysoptera,1,1.46,1.5
TPS,tps217,16.3,SS,UIDshrimp,na,na,1,0.01,0.01
TPS,tps218,19.2,Fish,Sparidae,Lagodon,rhomboides,1,4.96,5
TPS,tps219,18.1,Fish,Gobiidae,na,na,2,0.93,1
TPS,tps22,23.5,Fish,Syngnathidae,Syngnathus,na,1,0.18,0.2
TPS,tps220,16.1,empty,na,na,na,na,na,na
TPS,tps221,12.5,Fish,Sciaenidae,Bairdiella,chrysoura,1,1.7,2
TPS,tps222,19.3,Fish,Haemulidae,Orthopristis,chrysoptera,1,1.49,1.4
TPS,tps222,19.3,Fish,Sparidae,Lagodon,rhomboides,1,1.92,2
TPS,tps223,14,Fish,UIDfish,na,na,1,0.05,0.1
TPS,tps223,14,LS,Penaeidae,Farfantepenaeus,duorarum,1,0.27,0.2
TPS,tps223,15,LS,Penaeidae,Farfantepenaeus,duorarum,5,2.5,2.5
TPS,tps223,15,SS,Hippolytidae,Tozeuma,carolinense,1,na,na
TPS,tps224,20.7,Fish,Haemulidae,Orthopristis,chrysoptera,1,2.02,2
TPS,tps225,19.5,Fish,UIDfish,na,na,1,0.65,1.5
TPS,tps226,19.4,empty,na,na,na,na,na,na
TPS,tps227,19.6,empty,na,na,na,na,na,na
TPS,tps228,19.2,Fish,Fundulidae,Lucania,parva,1,0.24,0.3
TPS,tps228,19.2,Fish,Sparidae,Lagodon,rhomboides,1,1.53,2
TPS,tps229,21,empty,na,na,na,na,na,na
TPS,tps23,23.7,SS,Hippolytidae,Tozeuma,carolinense,1,0.11,0.1
TPS,tps23,23.7,Fish,Syngnathidae,Syngnathus,na,1,3.22,3
TPS,tps230,18.3,empty,na,na,na,na,na,na
TPS,tps24,24,LS,Penaeidae,Farfantepenaeus,duorarum,1,1.47,1.5
TPS,tps24,24,Fish,UIDfish,na,na,1,na,na
TPS,tps25,21.6,Fish,Sparidae,Lagodon,rhomboides,1,2.64,2.5
TPS,tps26,24,empty,na,na,na,na,na,na
TPS,tps27,22.7,empty,na,na,na,na,na,na
TPS,tps28,24.5,Fish,Sparidae,Lagodon,rhomboides,1,2.7,2.5
TPS,tps301,15.8,SS,Hippolytidae,Tozeuma,carolinense,1,0.05,0.01
TPS,tps301,15.8,SS,Hippolytidae,na,na,3,0.09,0.1
TPS,tps302,14.8,Fish,Gobiidae,na,na,1,0.2,0.5
TPS,tps302,14.8,LS,Penaeidae,Farfantepenaeus,na,1,1.32,1.5
TPS,tps303,14.9,LS,Penaeidae,Farfantepenaeus,duorarum,1,0.6,0.5
TPS,tps303,14.9,Fish,Monacanthidae,Aluterus,scriptus,1,0.77,0.5
TPS,tps304,18,SS,Hippolytidae,Tozeuma,carolinense,2,0.04,0.01
TPS,tps306,12.5,Fish,Syngnathidae,Syngnathus,na,1,0.02,0.01
TPS,tps306,12.5,LS,Penaeidae,Farfantepenaeus,duorarum,1,0.1,0.1
TPS,tps307,17,Fish,Serranidae,Diplectrum,formosum,1,3.78,3.5
TPS,tps308,17.7,Fish,Monacanthidae,Aluterus,scriptus,1,1.85,1.5
TPS,tps308,17.7,SS,Hippolytidae,Tozeuma,carolinense,1,na,na
TPS,tps308,17.7,LS,Penaeidae,Farfantepenaeus,duorarum,1,na,na
TPS,tps31,25,empty,na,na,na,na,na,na
TPS,tps312,14,empty,na,na,na,na,na,na
TPS,tps313,11.2,Fish,Batrachoididae,Opsanus,beta,1,0.08,0.1
TPS,tps313,11.2,Fish,Gobiidae,na,na,1,1.43,2
TPS,tps314,15.6,LS,Penaeidae,Farfantepenaeus,duorarum,1,1.13,1
TPS,tps315,15.3,SS,Hippolytidae,Tozeuma,carolinense,1,0.05,0.05
TPS,tps316,15.2,Fish,UIDfish,na,na,1,0.46,0.4
TPS,tps316,15.2,LS,Penaeidae,Farfantepenaeus,duorarum,1,0.62,0.5
TPS,tps317,15,LS,Penaeidae,Farfantepenaeus,na,4,1.59,1.5
TPS,tps318,13.1,LS,Penaeidae,na,na,2,0.29,0.2
TPS,tps318,13.1,Fish,Batrachoididae,Opsanus,beta,1,0.44,0.5
TPS,tps319,13.7,empty,na,na,na,na,na,na
TPS,tps32,26.7,empty,na,na,na,na,na,na
TPS,tps320,18,Fish,Gobiidae,na,na,1,1.78,2
TPS,tps321,17.2,empty,na,na,na,na,na,na
TPS,tps322,17.3,Fish,UIDfish,na,na,1,0.42,0.5
TPS,tps324,13.3,Fish,UIDfish,na,na,1,0.04,0.01
TPS,tps324,13.3,LS,Penaeidae,Farfantepenaeus,duorarum,2,0.74,0.5
TPS,tps325,15.7,Fish,Syngnathidae,Syngnathus,na,1,0.09,0.15
TPS,tps325,15.7,LS,Penaeidae,Farfantepenaeus,duorarum,2,1.18,1.1
TPS,tps327,14.6,LS,Penaeidae,Farfantepenaeus,duorarum,1,0.18,0.3
TPS,tps329,18,LS,Penaeidae,Farfantepenaeus,na,1,0.18,0.3
TPS,tps33,24.2,empty,na,na,na,na,na,na
TPS,tps330,16.5,LS,Penaeidae,na,na,2,0.28,0.5
TPS,tps331,12.7,SS,UIDshrimp,na,na,1,0.17,0.1
TPS,tps35,21.6,empty,na,na,na,na,na,na
TPS,tps36,23.3,Fish,Sparidae,Lagodon,rhomboides,1,5.25,5
TPS,tps37,23.2,Fish,Syngnathidae,Syngnathus,na,1,3.03,2.5
TPS,tps37,23.2,LS,Penaeidae,Farfantepenaeus,duorarum,1,na,na
TPS,tps37,23.2,Fish,UIDfish,na,na,2,na,na
TPS,tps38,23,empty,na,na,na,na,na,na
TPS,tps39,23,SS,Hippolytidae,Hippolyte,zostericola,1,0.05,0.1
TPS,tps39,23,Fish,Sparidae,Lagodon,rhomboides,1,18.51,20
TPS,tps40,20,SS,UIDshrimp,na,na,1,0.01,0.1
TPS,tps41,25.3,empty,na,na,na,na,na,na
